"Path","LineNumber","Line"
"C:\Users\marce\Documents\GitHub\bibliotecaweb\multiMCP\fix_routes.py","25","                elif ""flash(alert['message']"" in line:"
"C:\Users\marce\Documents\GitHub\bibliotecaweb\multiMCP\fix_routes.py","26","                    new_line = ' ' * 38 + ""flash(alert['message'], 'danger' if alert['severity'] == 'DANGER' else 'warning')\n"""
"C:\Users\marce\Documents\GitHub\bibliotecaweb\multiMCP\repair_routes_2.py","12","lines[164] = '                                      flash(alert[""message""], ""danger"" if alert[""severity""] == ""DANGER"" else ""warning"")\n'"
"C:\Users\marce\Documents\GitHub\bibliotecaweb\multiMCP\repair_routes_3.py","21","        '                                      flash(alert[""message""], ""danger"" if alert[""severity""] == ""DANGER"" else ""warning"")\n',"
"C:\Users\marce\Documents\GitHub\bibliotecaweb\multiMCP\repair_routes_4.py","25","        lines.insert(j+8, '                        flash(""No tiene permisos para modificar datos de seguridad industrial."", ""warning"")\n')"
"C:\Users\marce\Documents\GitHub\bibliotecaweb\multiMCP\biblioteca\routes.py","68","                flash(json.dumps(error_data), ""sod_danger"")"
"C:\Users\marce\Documents\GitHub\bibliotecaweb\multiMCP\biblioteca\routes.py","89","        flash(""Su usuario no posee accesos asignados a m?dulos comerciales o de operatoria."", ""danger"")"
"C:\Users\marce\Documents\GitHub\bibliotecaweb\multiMCP\biblioteca\routes.py","97","        flash(""Cotizaci?n actualizada manualmente"", ""success"")"
"C:\Users\marce\Documents\GitHub\bibliotecaweb\multiMCP\biblioteca\routes.py","99","        flash(""Error al actualizar cotizaci?n"", ""danger"")"
"C:\Users\marce\Documents\GitHub\bibliotecaweb\multiMCP\biblioteca\routes.py","131","            flash(f""Error de Validaci?n de Correo: {msg}"", ""danger"")"
"C:\Users\marce\Documents\GitHub\bibliotecaweb\multiMCP\biblioteca\routes.py","141","        flash(""Usuario registrado"", ""success"")"
"C:\Users\marce\Documents\GitHub\bibliotecaweb\multiMCP\biblioteca\routes.py","143","        flash(f""Error: {e}"", ""danger"")"
"C:\Users\marce\Documents\GitHub\bibliotecaweb\multiMCP\biblioteca\routes.py","158","        flash(""Usuario actualizado"", ""success"")"
"C:\Users\marce\Documents\GitHub\bibliotecaweb\multiMCP\biblioteca\routes.py","160","        flash(f""Error: {e}"", ""danger"")"
"C:\Users\marce\Documents\GitHub\bibliotecaweb\multiMCP\biblioteca\routes.py","302","                flash(""Este usuario ya tiene un pr?stamo activo de este libro"", ""danger"")"
"C:\Users\marce\Documents\GitHub\bibliotecaweb\multiMCP\biblioteca\routes.py","329","                        flash(f""No se puede prestar: Este libro est? RESERVADO por {r_name}."", ""danger"")"
"C:\Users\marce\Documents\GitHub\bibliotecaweb\multiMCP\biblioteca\routes.py","354","                flash(f""Este usuario tiene una deuda pendiente de ${deuda_total:.2f}. Libro con deuda: '{libro_con_deuda}'. No puede solicitar nuevos pr?stamos hasta saldar el saldo. Fecha l?mite original: {fecha_limite}"", ""danger"")"
"C:\Users\marce\Documents\GitHub\bibliotecaweb\multiMCP\biblioteca\routes.py","392","                flash(msg, ""warning"")"
"C:\Users\marce\Documents\GitHub\bibliotecaweb\multiMCP\biblioteca\routes.py","446","        flash(""Pr?stamo registrado exitosamente"", ""success"")"
"C:\Users\marce\Documents\GitHub\bibliotecaweb\multiMCP\biblioteca\routes.py","448","        flash(f""Error: {e}"", ""danger"")"
"C:\Users\marce\Documents\GitHub\bibliotecaweb\multiMCP\biblioteca\routes.py","569","                            flash(f""ATENCI?N: Este libro tiene una RESERVA activa para {r_name}. Se le ha notificado que puede retirarlo hasta {fecha_limite.strftime('%d/%m %H:%M')}."", ""info"")"
"C:\Users\marce\Documents\GitHub\bibliotecaweb\multiMCP\biblioteca\routes.py","573","        flash(""Devoluci?n registrada"", ""success"")"
"C:\Users\marce\Documents\GitHub\bibliotecaweb\multiMCP\biblioteca\routes.py","575","        flash(f""Error: {e}"", ""danger"")"
"C:\Users\marce\Documents\GitHub\bibliotecaweb\multiMCP\biblioteca\routes.py","775","                flash(""Reserva anulada correctamente y notificada al usuario"", ""success"")"
"C:\Users\marce\Documents\GitHub\bibliotecaweb\multiMCP\biblioteca\routes.py","777","                flash(""Reserva no encontrada"", ""danger"")"
"C:\Users\marce\Documents\GitHub\bibliotecaweb\multiMCP\biblioteca\routes.py","779","        flash(f""Error al anular: {e}"", ""danger"")"
"C:\Users\marce\Documents\GitHub\bibliotecaweb\multiMCP\compras\importaciones_routes.py","164","                flash(""El nombre del proveedor es obligatorio."", ""danger"")"
"C:\Users\marce\Documents\GitHub\bibliotecaweb\multiMCP\compras\importaciones_routes.py","188","                flash(f""Proveedor internacional '{nombre}' registrado exitosamente."", ""success"")"
"C:\Users\marce\Documents\GitHub\bibliotecaweb\multiMCP\compras\importaciones_routes.py","191","                flash(f""Error al registrar: {str(e)}"", ""danger"")"
"C:\Users\marce\Documents\GitHub\bibliotecaweb\multiMCP\compras\importaciones_routes.py","240","            flash(""Documento registrado correctamente."", ""success"")"
"C:\Users\marce\Documents\GitHub\bibliotecaweb\multiMCP\compras\importaciones_routes.py","242","            flash(f""Error al guardar documento: {str(e)}"", ""danger"")"
"C:\Users\marce\Documents\GitHub\bibliotecaweb\multiMCP\compras\importaciones_routes_e2.py","38","                flash(""Orden no encontrada."", ""danger"")"
"C:\Users\marce\Documents\GitHub\bibliotecaweb\multiMCP\compras\importaciones_routes_e2.py","148","            flash(""El monto del cargo debe ser mayor a cero."", ""danger"")"
"C:\Users\marce\Documents\GitHub\bibliotecaweb\multiMCP\compras\importaciones_routes_e2.py","160","            flash(f""Cargo '{descripcion}' registrado correctamente."", ""success"")"
"C:\Users\marce\Documents\GitHub\bibliotecaweb\multiMCP\compras\importaciones_routes_e2.py","162","            flash(f""Error al registrar cargo: {str(e)}"", ""danger"")"
"C:\Users\marce\Documents\GitHub\bibliotecaweb\multiMCP\compras\importaciones_routes_e2.py","247","            flash(f""Despacho #{data['numero_despacho'] or despacho_id} guardado correctamente."", ""success"")"
"C:\Users\marce\Documents\GitHub\bibliotecaweb\multiMCP\compras\importaciones_routes_e2.py","249","            flash(f""Error al guardar despacho: {str(e)}"", ""danger"")"
"C:\Users\marce\Documents\GitHub\bibliotecaweb\multiMCP\compras\importaciones_routes_e2.py","270","            flash(""Debe seleccionar el dep?sito de destino."", ""danger"")"
"C:\Users\marce\Documents\GitHub\bibliotecaweb\multiMCP\compras\importaciones_routes_e2.py","276","            flash(""No existe un Despacho Aduanero registrado para esta orden."", ""danger"")"
"C:\Users\marce\Documents\GitHub\bibliotecaweb\multiMCP\compras\importaciones_routes_e2.py","280","            flash(f""El despacho debe estar en estado LIBERADO para ingresar al stock. """
"C:\Users\marce\Documents\GitHub\bibliotecaweb\multiMCP\compras\importaciones_routes_e2.py","285","            flash(""Esta importaci?n ya fue ingresada al stock anteriormente."", ""warning"")"
"C:\Users\marce\Documents\GitHub\bibliotecaweb\multiMCP\compras\importaciones_routes_e2.py","301","                flash("
"C:\Users\marce\Documents\GitHub\bibliotecaweb\multiMCP\compras\importaciones_routes_e2.py","307","                flash(f""Error en el ingreso: {resultado.get('message')}"", ""danger"")"
"C:\Users\marce\Documents\GitHub\bibliotecaweb\multiMCP\compras\importaciones_routes_e2.py","310","            flash(f""Error inesperado al ingresar importaci?n: {str(e)}"", ""danger"")"
"C:\Users\marce\Documents\GitHub\bibliotecaweb\multiMCP\compras\importaciones_routes_e3.py","31","            flash(""Datos de pago incompletos o inv?lidos."", ""danger"")"
"C:\Users\marce\Documents\GitHub\bibliotecaweb\multiMCP\compras\importaciones_routes_e3.py","50","                flash(f""? Pago de {moneda} {monto_orig:,.2f} registrado. Asiento: {resultado['asiento_id']}"", ""success"")"
"C:\Users\marce\Documents\GitHub\bibliotecaweb\multiMCP\compras\importaciones_routes_e3.py","52","                flash(""Error al registrar el pago."", ""danger"")"
"C:\Users\marce\Documents\GitHub\bibliotecaweb\multiMCP\compras\importaciones_routes_e3.py","55","            flash(f""Error: {str(e)}"", ""danger"")"
"C:\Users\marce\Documents\GitHub\bibliotecaweb\multiMCP\compras\routes.py","442","            flash(""Cotizaci?n actualizada manualmente."", ""success"")"
"C:\Users\marce\Documents\GitHub\bibliotecaweb\multiMCP\compras\routes.py","454","            flash(""Cotizaci?n no encontrada."", ""danger"")"
"C:\Users\marce\Documents\GitHub\bibliotecaweb\multiMCP\compras\routes.py","499","            flash(""Error: El CUIT ingresado no es v?lido."", ""danger"")"
"C:\Users\marce\Documents\GitHub\bibliotecaweb\multiMCP\compras\routes.py","508","                    flash(""Error: Ya existe un proveedor con ese CUIT (""+cuit+"")."", ""danger"")"
"C:\Users\marce\Documents\GitHub\bibliotecaweb\multiMCP\compras\routes.py","514","                    flash(""Proveedor registrado exitosamente. Complete los detalles ahora."", ""success"")"
"C:\Users\marce\Documents\GitHub\bibliotecaweb\multiMCP\compras\routes.py","519","            flash(f""Error: {str(e)}"", ""danger"")"
"C:\Users\marce\Documents\GitHub\bibliotecaweb\multiMCP\compras\routes.py","536","        flash(""Error: El CUIT ingresado no es v?lido."", ""danger"")"
"C:\Users\marce\Documents\GitHub\bibliotecaweb\multiMCP\compras\routes.py","548","            flash(""Datos del proveedor actualizados."", ""success"")"
"C:\Users\marce\Documents\GitHub\bibliotecaweb\multiMCP\compras\routes.py","550","        flash(f""Error al actualizar: {str(e)}"", ""danger"")"
"C:\Users\marce\Documents\GitHub\bibliotecaweb\multiMCP\compras\routes.py","578","                flash(""Proveedor no encontrado."", ""danger"")"
"C:\Users\marce\Documents\GitHub\bibliotecaweb\multiMCP\compras\routes.py","629","    flash(""Configuraci?n de convenio multilateral actualizada."", ""success"")"
"C:\Users\marce\Documents\GitHub\bibliotecaweb\multiMCP\compras\routes.py","643","        flash(""Coeficiente guardado correctamente."", ""success"")"
"C:\Users\marce\Documents\GitHub\bibliotecaweb\multiMCP\compras\routes.py","645","        flash(f""Error al guardar coeficiente: {e}"", ""danger"")"
"C:\Users\marce\Documents\GitHub\bibliotecaweb\multiMCP\compras\routes.py","656","        flash('No se seleccion? ning?n archivo.', 'warning')"
"C:\Users\marce\Documents\GitHub\bibliotecaweb\multiMCP\compras\routes.py","661","        flash('No se seleccion? ning?n archivo.', 'warning')"
"C:\Users\marce\Documents\GitHub\bibliotecaweb\multiMCP\compras\routes.py","682","        flash(""Archivo subido correctamente."", ""success"")"
"C:\Users\marce\Documents\GitHub\bibliotecaweb\multiMCP\compras\routes.py","684","        flash(""Formato de archivo inv?lido. Solo PDF."", ""danger"")"
"C:\Users\marce\Documents\GitHub\bibliotecaweb\multiMCP\compras\routes.py","711","            flash(""Direcci?n actualizada."", ""success"")"
"C:\Users\marce\Documents\GitHub\bibliotecaweb\multiMCP\compras\routes.py","717","            flash(""Direcci?n agregada."", ""success"")"
"C:\Users\marce\Documents\GitHub\bibliotecaweb\multiMCP\compras\routes.py","742","            flash(""Contacto actualizado."", ""success"")"
"C:\Users\marce\Documents\GitHub\bibliotecaweb\multiMCP\compras\routes.py","748","            flash(""Contacto agregado."", ""success"")"
"C:\Users\marce\Documents\GitHub\bibliotecaweb\multiMCP\compras\routes.py","772","            flash(""Dato fiscal actualizado."", ""success"")"
"C:\Users\marce\Documents\GitHub\bibliotecaweb\multiMCP\compras\routes.py","778","            flash(""Dato fiscal agregado."", ""success"")"
"C:\Users\marce\Documents\GitHub\bibliotecaweb\multiMCP\compras\routes.py","788","        flash(""Operaci?n no permitida."", ""danger"")"
"C:\Users\marce\Documents\GitHub\bibliotecaweb\multiMCP\compras\routes.py","798","    flash(""Registro eliminado."", ""info"")"
"C:\Users\marce\Documents\GitHub\bibliotecaweb\multiMCP\compras\routes.py","817","        flash(""Cotizaci?n no encontrada."", ""danger"")"
"C:\Users\marce\Documents\GitHub\bibliotecaweb\multiMCP\compras\routes.py","821","        flash(f""La cotizaci?n debe estar en estado RESPONDIDA para generar una PO. Estado actual: {cot['estado']}"", ""warning"")"
"C:\Users\marce\Documents\GitHub\bibliotecaweb\multiMCP\compras\routes.py","830","                flash(f""Error al crear la PO: {error}"", ""danger"")"
"C:\Users\marce\Documents\GitHub\bibliotecaweb\multiMCP\compras\routes.py","858","        flash(f""? Orden de Compra #{po_id} creada exitosamente y enviada a aprobaci?n.{msg_email}"", ""success"")"
"C:\Users\marce\Documents\GitHub\bibliotecaweb\multiMCP\compras\routes.py","862","        flash(f""Error inesperado al generar la PO: {str(e)}"", ""danger"")"
"C:\Users\marce\Documents\GitHub\bibliotecaweb\multiMCP\compras\routes.py","913","            flash(""Debe seleccionar un proveedor y un Centro de Costos."", ""warning"")"
"C:\Users\marce\Documents\GitHub\bibliotecaweb\multiMCP\compras\routes.py","928","            flash(f""Orden de Compra #{po_id} creada. Ahora agregue los ?tems."", ""success"")"
"C:\Users\marce\Documents\GitHub\bibliotecaweb\multiMCP\compras\routes.py","932","            flash(f""Error creando orden: {e}"", ""danger"")"
"C:\Users\marce\Documents\GitHub\bibliotecaweb\multiMCP\compras\routes.py","950","        flash(""Seleccione un art?culo."", ""warning"")"
"C:\Users\marce\Documents\GitHub\bibliotecaweb\multiMCP\compras\routes.py","958","             flash(""No se pueden agregar ?tems a esta PO en su estado actual."", ""warning"")"
"C:\Users\marce\Documents\GitHub\bibliotecaweb\multiMCP\compras\routes.py","982","    flash(""?tem agregado."", ""success"")"
"C:\Users\marce\Documents\GitHub\bibliotecaweb\multiMCP\compras\routes.py","1000","            flash(""Orden no encontrada."", ""danger"")"
"C:\Users\marce\Documents\GitHub\bibliotecaweb\multiMCP\compras\routes.py","1051","            flash(""Seguridad CISA: No puede aprobar una orden creada por usted mismo (Segregaci?n de Funciones)."", ""danger"")"
"C:\Users\marce\Documents\GitHub\bibliotecaweb\multiMCP\compras\routes.py","1076","                    flash(f""Bloqueo de Presupuesto: {budget_check['message']}"", ""danger"")"
"C:\Users\marce\Documents\GitHub\bibliotecaweb\multiMCP\compras\routes.py","1110","                    flash(f""PO #{id}: {res['message']} Fondos comprometidos exitosamente."", ""success"")"
"C:\Users\marce\Documents\GitHub\bibliotecaweb\multiMCP\compras\routes.py","1118","                    flash(f""PO #{id}: {res['message']}"", ""info"")"
"C:\Users\marce\Documents\GitHub\bibliotecaweb\multiMCP\compras\routes.py","1120","                flash(res['message'], ""warning"")"
"C:\Users\marce\Documents\GitHub\bibliotecaweb\multiMCP\compras\routes.py","1129","            flash(f""PO #{id} rechazada."", ""warning"")"
"C:\Users\marce\Documents\GitHub\bibliotecaweb\multiMCP\compras\routes.py","1617","    flash(""M?dulo en construcci?n: Registro AFIP de Compras"", ""info"")"
"C:\Users\marce\Documents\GitHub\bibliotecaweb\multiMCP\compras\routes.py","1636","                flash(""Cotizaci?n no encontrada."", ""danger"")"
"C:\Users\marce\Documents\GitHub\bibliotecaweb\multiMCP\compras\routes.py","1640","                flash(""El proveedor no tiene un correo electr?nico configurado."", ""warning"")"
"C:\Users\marce\Documents\GitHub\bibliotecaweb\multiMCP\compras\routes.py","1664","            flash(f""? Correo re-enviado con ?xito a {cot['proveedor_email']}."", ""success"")"
"C:\Users\marce\Documents\GitHub\bibliotecaweb\multiMCP\compras\routes.py","1666","            flash(f""?? Error al re-enviar correo: '{error}'. Verifique la configuraci?n de correo de la empresa o contacte al administrador."", ""warning"")"
"C:\Users\marce\Documents\GitHub\bibliotecaweb\multiMCP\compras\routes.py","1669","        flash(f""Error inesperado: {str(e)}"", ""danger"")"
"C:\Users\marce\Documents\GitHub\bibliotecaweb\multiMCP\compras\routes.py","1690","                flash(""Orden de compra no encontrada."", ""danger"")"
"C:\Users\marce\Documents\GitHub\bibliotecaweb\multiMCP\compras\routes.py","1694","                flash(""El proveedor no tiene un correo electr?nico configurado."", ""warning"")"
"C:\Users\marce\Documents\GitHub\bibliotecaweb\multiMCP\compras\routes.py","1718","            flash(f""? Correo de Orden de Compra re-enviado con ?xito a {po['proveedor_email']}."", ""success"")"
"C:\Users\marce\Documents\GitHub\bibliotecaweb\multiMCP\compras\routes.py","1720","            flash(f""?? Error al re-enviar correo: '{error}'. Verifique la configuraci?n de correo de la empresa o contacte al administrador."", ""warning"")"
"C:\Users\marce\Documents\GitHub\bibliotecaweb\multiMCP\compras\routes.py","1723","        flash(f""Error inesperado: {str(e)}"", ""danger"")"
"C:\Users\marce\Documents\GitHub\bibliotecaweb\multiMCP\compras\routes.py","1886","            flash(""Debe ingresar cantidad recibida en al menos un art?culo."", ""warning"")"
"C:\Users\marce\Documents\GitHub\bibliotecaweb\multiMCP\compras\routes.py","1892","                flash(""Remito procesado. ?? IMPORTANTE: Se han detectado discrepancias entre lo pedido y lo recibido. Tesorer?a ha sido notificada (3-Way Match Block)."", ""warning"")"
"C:\Users\marce\Documents\GitHub\bibliotecaweb\multiMCP\compras\routes.py","1894","                flash(f""Recepci?n procesada correctamente. <a href='#' onclick='window.open(\""/stock/dashboard?q=PO{po_id}\"", \""_blank\""); return false;' class='btn btn-xs btn-outline-light ml-2'>Imprimir Etiquetas</a>"", ""success"")"
"C:\Users\marce\Documents\GitHub\bibliotecaweb\multiMCP\compras\routes.py","1898","            flash(f""Error procesando recepci?n: {str(e)}"", ""danger"")"
"C:\Users\marce\Documents\GitHub\bibliotecaweb\multiMCP\compras\routes.py","1904","        flash(""Orden no encontrada o no apta para recepci?n."", ""warning"")"
"C:\Users\marce\Documents\GitHub\bibliotecaweb\multiMCP\contabilidad\routes.py","36","            flash(""Configuraci?n fiscal actualizada correctamente"", ""success"")"
"C:\Users\marce\Documents\GitHub\bibliotecaweb\multiMCP\contabilidad\routes.py","257","        flash(""No se seleccion? archiv?."", ""danger"")"
"C:\Users\marce\Documents\GitHub\bibliotecaweb\multiMCP\contabilidad\routes.py","262","        flash(""Archivo vac?o."", ""danger"")"
"C:\Users\marce\Documents\GitHub\bibliotecaweb\multiMCP\contabilidad\routes.py","289","             flash(f""Jurisdicci?n desconocida: {jurisdiccion}"", ""danger"")"
"C:\Users\marce\Documents\GitHub\bibliotecaweb\multiMCP\contabilidad\routes.py","519","        flash(f""Padron {jurisdiccion} procesado con ?xito. ({len(records)} registros)"", ""success"")"
"C:\Users\marce\Documents\GitHub\bibliotecaweb\multiMCP\contabilidad\routes.py","521","        flash(f""Error procesando padr?n: {str(e)}"", ""danger"")"
"C:\Users\marce\Documents\GitHub\bibliotecaweb\multiMCP\contabilidad\routes.py","720","            flash(""Asiento no encontrado"", ""danger"")"
"C:\Users\marce\Documents\GitHub\bibliotecaweb\multiMCP\contabilidad\routes.py","750","                flash(f""Centralizaci?n de {modulo} realizada con ?xito. Asiento #{res}"", ""success"")"
"C:\Users\marce\Documents\GitHub\bibliotecaweb\multiMCP\contabilidad\routes.py","752","                flash(f""No hay comprobantes pendientes de centralizar para {modulo} en {mes}/{anio}"", ""warning"")"
"C:\Users\marce\Documents\GitHub\bibliotecaweb\multiMCP\contabilidad\routes.py","754","            flash(f""Error en centralizaci?n: {str(e)}"", ""danger"")"
"C:\Users\marce\Documents\GitHub\bibliotecaweb\multiMCP\contabilidad\routes.py","1042","        flash(f""N?mina de {periodo} generada correctamente para {len(empleados)} empleados."", ""success"")"
"C:\Users\marce\Documents\GitHub\bibliotecaweb\multiMCP\contabilidad\routes.py","1056","            flash(""N?mina no encontrada o ya centralizada."", ""warning"")"
"C:\Users\marce\Documents\GitHub\bibliotecaweb\multiMCP\contabilidad\routes.py","1086","        flash(f""N?mina centralizada con Asiento #{asiento_id}"", ""success"")"
"C:\Users\marce\Documents\GitHub\bibliotecaweb\multiMCP\core\decorators.py","136","                     flash(f""Acceso Denegado: Se requiere nivel Super Administrador."", ""danger"")"
"C:\Users\marce\Documents\GitHub\bibliotecaweb\multiMCP\core\decorators.py","150","                flash(msg, ""danger"")"
"C:\Users\marce\Documents\GitHub\bibliotecaweb\multiMCP\core\enterprise_admin.py","55","            flash(""Todos los campos son requeridos"", ""danger"")"
"C:\Users\marce\Documents\GitHub\bibliotecaweb\multiMCP\core\enterprise_admin.py","72","                    flash(f""Empresa creada con algunas advertencias en datos maestros: {init_results['errors'][0]}"", ""warning"")"
"C:\Users\marce\Documents\GitHub\bibliotecaweb\multiMCP\core\enterprise_admin.py","107","            flash(f""Empresa {nombre} creada exitosamente. Ya puede iniciar sesi?n."", ""success"")"
"C:\Users\marce\Documents\GitHub\bibliotecaweb\multiMCP\core\enterprise_admin.py","110","            flash(f""Error: {e}"", ""danger"")"
"C:\Users\marce\Documents\GitHub\bibliotecaweb\multiMCP\core\enterprise_admin.py","123","                flash(""Empresa no encontrada"", ""danger"")"
"C:\Users\marce\Documents\GitHub\bibliotecaweb\multiMCP\core\enterprise_admin.py","128","            flash(f""Estado cambiado a {new_status}"", ""success"")"
"C:\Users\marce\Documents\GitHub\bibliotecaweb\multiMCP\core\enterprise_admin.py","130","        flash(f""Error: {e}"", ""danger"")"
"C:\Users\marce\Documents\GitHub\bibliotecaweb\multiMCP\core\enterprise_admin.py","194","                    flash(""Logo demasiado grande (max 2MB)"", ""warning"")"
"C:\Users\marce\Documents\GitHub\bibliotecaweb\multiMCP\core\enterprise_admin.py","245","        flash(f""Datos de {nombre} actualizados"", ""success"")"
"C:\Users\marce\Documents\GitHub\bibliotecaweb\multiMCP\core\enterprise_admin.py","247","        flash(f""Error al actualizar empresa: {e}"", ""danger"")"
"C:\Users\marce\Documents\GitHub\bibliotecaweb\multiMCP\core\enterprise_admin.py","294","        flash(""Faltan identificadores de empresa origen o destino"", ""danger"")"
"C:\Users\marce\Documents\GitHub\bibliotecaweb\multiMCP\core\enterprise_admin.py","298","        flash(""No se seleccionaron tablas para migrar"", ""warning"")"
"C:\Users\marce\Documents\GitHub\bibliotecaweb\multiMCP\core\enterprise_admin.py","340","            flash(f""Migraci?n completada: {', '.join(final_msg)}"", ""success"")"
"C:\Users\marce\Documents\GitHub\bibliotecaweb\multiMCP\core\enterprise_admin.py","343","        flash(f""Error en migraci?n: {e}"", ""danger"")"
"C:\Users\marce\Documents\GitHub\bibliotecaweb\multiMCP\core\enterprise_admin.py","467","        flash(""No se encontr? la configuraci?n de SaaS Owner."", ""warning"")"
"C:\Users\marce\Documents\GitHub\bibliotecaweb\multiMCP\core\enterprise_admin.py","489","        flash(""Maestro SaaS Owner actualizado."", ""success"")"
"C:\Users\marce\Documents\GitHub\bibliotecaweb\multiMCP\core\enterprise_admin.py","491","        flash(f""Error al guardar: {e}"", ""danger"")"
"C:\Users\marce\Documents\GitHub\bibliotecaweb\multiMCP\core\enterprise_admin.py","501","        flash(""Acceso restringido a SuperAdmin"", ""danger"")"
"C:\Users\marce\Documents\GitHub\bibliotecaweb\multiMCP\core\routes.py","60","                    flash(""Esta empresa se encuentra inhabilitada temporalmente."", ""danger"")"
"C:\Users\marce\Documents\GitHub\bibliotecaweb\multiMCP\core\routes.py","91","                            flash(""Debe cambiar su contrase?a antes de continuar."", ""warning"")"
"C:\Users\marce\Documents\GitHub\bibliotecaweb\multiMCP\core\routes.py","100","                             flash(""Clave temporal caducada."", ""danger"")"
"C:\Users\marce\Documents\GitHub\bibliotecaweb\multiMCP\core\routes.py","113","                                flash(""Por seguridad, debe cambiar su contrase?a temporal."", ""warning"")"
"C:\Users\marce\Documents\GitHub\bibliotecaweb\multiMCP\core\routes.py","117","                flash(""Credenciales incorrectas"", ""danger"")"
"C:\Users\marce\Documents\GitHub\bibliotecaweb\multiMCP\core\routes.py","120","            flash(f""Error en login: {e}"", ""danger"")"
"C:\Users\marce\Documents\GitHub\bibliotecaweb\multiMCP\core\routes.py","134","    flash(""Sesi?n cerrada correctamente"", ""info"")"
"C:\Users\marce\Documents\GitHub\bibliotecaweb\multiMCP\core\routes.py","155","            flash(""Las contrase?as no coinciden o est?n vac?as"", ""danger"")"
"C:\Users\marce\Documents\GitHub\bibliotecaweb\multiMCP\core\routes.py","179","                flash(""Contrase?a establecida correctamente. Bienvenido."", ""success"")"
"C:\Users\marce\Documents\GitHub\bibliotecaweb\multiMCP\core\routes.py","183","            flash(f""Error al actualizar: {str(e)}"", ""danger"")"
"C:\Users\marce\Documents\GitHub\bibliotecaweb\multiMCP\core\routes.py","199","            flash(""Las contrase?as no coinciden"", ""danger"")"
"C:\Users\marce\Documents\GitHub\bibliotecaweb\multiMCP\core\routes.py","213","                 flash(""Contrase?a actualizada."", ""success"")"
"C:\Users\marce\Documents\GitHub\bibliotecaweb\multiMCP\core\routes.py","216","                 flash(""Contrase?a actual incorrecta"", ""danger"")"
"C:\Users\marce\Documents\GitHub\bibliotecaweb\multiMCP\core\routes.py","218","        flash(f""Error: {e}"", ""danger"")"
"C:\Users\marce\Documents\GitHub\bibliotecaweb\multiMCP\core\routes.py","231","            flash(""Las nuevas contrase?as no coinciden"", ""danger"")"
"C:\Users\marce\Documents\GitHub\bibliotecaweb\multiMCP\core\routes.py","284","                        flash(""Contrase?a actualizada. Ya puede iniciar sesi?n."", ""success"")"
"C:\Users\marce\Documents\GitHub\bibliotecaweb\multiMCP\core\routes.py","288","                        flash(""Verificaci?n fallida: Usuario o contrase?a actual incorrectos"", ""danger"")"
"C:\Users\marce\Documents\GitHub\bibliotecaweb\multiMCP\core\routes.py","291","                    flash(""Usuario no encontrado"", ""danger"")"
"C:\Users\marce\Documents\GitHub\bibliotecaweb\multiMCP\core\routes.py","294","            flash(f""Error: {e}"", ""danger"")"
"C:\Users\marce\Documents\GitHub\bibliotecaweb\multiMCP\core\routes.py","347","        flash(""El usuario es requerido"", ""danger"")"
"C:\Users\marce\Documents\GitHub\bibliotecaweb\multiMCP\core\routes.py","361","                    flash(""El usuario no tiene un email configurado para recuperaci?n."", ""warning"")"
"C:\Users\marce\Documents\GitHub\bibliotecaweb\multiMCP\core\routes.py","366","                    flash(""Se han superado los intentos. Contacte al administrador."", ""danger"")"
"C:\Users\marce\Documents\GitHub\bibliotecaweb\multiMCP\core\routes.py","386","                flash(f""Se ha enviado una CLAVE TEMPORAL a {masked}. ?sela para ingresar."", ""success"")"
"C:\Users\marce\Documents\GitHub\bibliotecaweb\multiMCP\core\routes.py","391","                flash(""Usuario no encontrado en la empresa seleccionada."", ""danger"")"
"C:\Users\marce\Documents\GitHub\bibliotecaweb\multiMCP\core\routes.py","394","        flash(f""Error procesando solicitud: {str(e)}"", ""danger"")"
"C:\Users\marce\Documents\GitHub\bibliotecaweb\multiMCP\core\routes.py","411","                flash(""Enlace inv?lido."", ""danger"")"
"C:\Users\marce\Documents\GitHub\bibliotecaweb\multiMCP\core\routes.py","417","                flash(""Este enlace ya ha sido utilizado."", ""warning"")"
"C:\Users\marce\Documents\GitHub\bibliotecaweb\multiMCP\core\routes.py","424","                flash(""El enlace ha caducado. Solicite uno nuevo."", ""warning"")"
"C:\Users\marce\Documents\GitHub\bibliotecaweb\multiMCP\core\routes.py","428","                flash(""Enlace inv?lido o corrupto."", ""danger"")"
"C:\Users\marce\Documents\GitHub\bibliotecaweb\multiMCP\core\routes.py","435","        flash(f""Error: {e}"", ""danger"")"
"C:\Users\marce\Documents\GitHub\bibliotecaweb\multiMCP\core\routes.py","447","        flash(""Las contrase?as no coinciden."", ""danger"")"
"C:\Users\marce\Documents\GitHub\bibliotecaweb\multiMCP\core\routes.py","480","            flash(""Contrase?a actualizada con ?xito. Ya puede iniciar sesi?n."", ""success"")"
"C:\Users\marce\Documents\GitHub\bibliotecaweb\multiMCP\core\routes.py","484","        flash(f""Error: {e}"", ""danger"")"
"C:\Users\marce\Documents\GitHub\bibliotecaweb\multiMCP\core\routes.py","509","                flash(""Roles SoD inicializados autom?ticamente por sistema."", ""info"")"
"C:\Users\marce\Documents\GitHub\bibliotecaweb\multiMCP\core\routes.py","515","                flash(f""No se pudieron cargar roles autom?ticos: {e}"", ""warning"")"
"C:\Users\marce\Documents\GitHub\bibliotecaweb\multiMCP\core\routes.py","573","        flash(f""Rol {name} creado."", ""success"")"
"C:\Users\marce\Documents\GitHub\bibliotecaweb\multiMCP\core\routes.py","574","    except Exception as e: flash(str(e), ""danger"")"
"C:\Users\marce\Documents\GitHub\bibliotecaweb\multiMCP\core\routes.py","584","        flash(""Estructura de Roles SoD inicializada correctamente"", ""success"")"
"C:\Users\marce\Documents\GitHub\bibliotecaweb\multiMCP\core\routes.py","586","        flash(f""Error al inicializar SoD: {e}"", ""danger"")"
"C:\Users\marce\Documents\GitHub\bibliotecaweb\multiMCP\core\routes.py","603","        # flash(""ADVERTENCIA DE AUDITOR?A: Uno o m?s m?dulos seleccionados a?n no cumplen con los est?ndares de trazabilidad. Se ha notificado al administrador."", ""warning"")"
"C:\Users\marce\Documents\GitHub\bibliotecaweb\multiMCP\core\routes.py","617","                        flash(""No tiene permisos para asignar permisos de SISTEMA."", ""danger"")"
"C:\Users\marce\Documents\GitHub\bibliotecaweb\multiMCP\core\routes.py","664","                flash(json.dumps(error_data), ""sod_danger"")"
"C:\Users\marce\Documents\GitHub\bibliotecaweb\multiMCP\core\routes.py","687","        flash(""Permisos actualizados y auditados bajo normativa SoD."", ""success"")"
"C:\Users\marce\Documents\GitHub\bibliotecaweb\multiMCP\core\routes.py","688","    except Exception as e: flash(str(e), ""danger"")"
"C:\Users\marce\Documents\GitHub\bibliotecaweb\multiMCP\core\routes.py","722","        flash(f""Control de Seguridad: Permiso {p_code} revocado del perfil {role_name}."", ""warning"")"
"C:\Users\marce\Documents\GitHub\bibliotecaweb\multiMCP\core\routes.py","724","        flash(f""Error en auditor?a al revocar: {e}"", ""danger"")"
"C:\Users\marce\Documents\GitHub\bibliotecaweb\multiMCP\core\routes.py","736","        flash(""Rol eliminado"", ""success"")"
"C:\Users\marce\Documents\GitHub\bibliotecaweb\multiMCP\core\routes.py","737","    except Exception as e: flash(str(e), ""danger"")"
"C:\Users\marce\Documents\GitHub\bibliotecaweb\multiMCP\core\routes.py","771","        flash(""Intentos de recuperaci?n restablecidos."", ""success"")"
"C:\Users\marce\Documents\GitHub\bibliotecaweb\multiMCP\core\routes.py","774","        flash(f""Error: {e}"", ""danger"")"
"C:\Users\marce\Documents\GitHub\bibliotecaweb\multiMCP\core\routes.py","789","                flash(""Usuario no encontrado."", ""danger"")"
"C:\Users\marce\Documents\GitHub\bibliotecaweb\multiMCP\core\routes.py","803","                    flash(f""Contrase?a restablecida. Se envi? un correo a {user['email']}."", ""success"")"
"C:\Users\marce\Documents\GitHub\bibliotecaweb\multiMCP\core\routes.py","805","                    flash(f""Contrase?a restablecida a '{DEFAULT_PASS}', pero fall? el env?o del correo: '{error}'. Por favor contacte al administrador."", ""warning"")"
"C:\Users\marce\Documents\GitHub\bibliotecaweb\multiMCP\core\routes.py","807","                flash(f""Contrase?a restablecida a '{DEFAULT_PASS}'. El usuario no tiene correo configurado."", ""info"")"
"C:\Users\marce\Documents\GitHub\bibliotecaweb\multiMCP\core\routes.py","811","        flash(f""Error: {e}"", ""danger"")"
"C:\Users\marce\Documents\GitHub\bibliotecaweb\multiMCP\core\routes.py","826","            flash(f""Error de Validaci?n de Correo: {msg}"", ""danger"")"
"C:\Users\marce\Documents\GitHub\bibliotecaweb\multiMCP\core\routes.py","843","                flash(""OPERACI?N ANULADA: El rol asignado contiene permisos para m?dulos que no cumplen con los est?ndares de auditor?a. Se ha notificado al SaaS Owner."", ""danger"")"
"C:\Users\marce\Documents\GitHub\bibliotecaweb\multiMCP\core\routes.py","859","                flash(""Usuario creado y notificaci?n enviada por correo."", ""success"")"
"C:\Users\marce\Documents\GitHub\bibliotecaweb\multiMCP\core\routes.py","861","                flash(f""Usuario creado, pero fall? el env?o del correo: '{error}'. Contacte al administrador."", ""warning"")"
"C:\Users\marce\Documents\GitHub\bibliotecaweb\multiMCP\core\routes.py","863","            flash(""Usuario creado con ?xito."", ""success"")"
"C:\Users\marce\Documents\GitHub\bibliotecaweb\multiMCP\core\routes.py","866","        flash(str(e), ""danger"")"
"C:\Users\marce\Documents\GitHub\bibliotecaweb\multiMCP\core\routes.py","890","                flash(""OPERACI?N ANULADA: El rol asignado no cumple con los est?ndares de auditor?a. Notificado al SaaS Owner."", ""danger"")"
"C:\Users\marce\Documents\GitHub\bibliotecaweb\multiMCP\core\routes.py","904","                flash(""Usuario no encontrado"", ""danger"")"
"C:\Users\marce\Documents\GitHub\bibliotecaweb\multiMCP\core\routes.py","911","                    flash(f""Error de Validaci?n de Correo: {msg}"", ""danger"")"
"C:\Users\marce\Documents\GitHub\bibliotecaweb\multiMCP\core\routes.py","927","                        flash(""Usuario actualizado y notificaci?n enviada por correo."", ""success"")"
"C:\Users\marce\Documents\GitHub\bibliotecaweb\multiMCP\core\routes.py","929","                        flash(f""Usuario actualizado, pero fall? el env?o del correo: '{error}'. Contacte al administrador."", ""warning"")"
"C:\Users\marce\Documents\GitHub\bibliotecaweb\multiMCP\core\routes.py","931","                    flash(""Usuario actualizado con nueva contrase?a"", ""success"")"
"C:\Users\marce\Documents\GitHub\bibliotecaweb\multiMCP\core\routes.py","939","                flash(""Usuario actualizado"", ""success"")"
"C:\Users\marce\Documents\GitHub\bibliotecaweb\multiMCP\core\routes.py","942","        flash(f""Error al actualizar usuario: {str(e)}"", ""danger"")"
"C:\Users\marce\Documents\GitHub\bibliotecaweb\multiMCP\core\routes.py","971","        flash(""El nombre del ?rea es obligatorio."", ""danger"")"
"C:\Users\marce\Documents\GitHub\bibliotecaweb\multiMCP\core\routes.py","979","        flash(f""?rea '{nombre}' creada."", ""success"")"
"C:\Users\marce\Documents\GitHub\bibliotecaweb\multiMCP\core\routes.py","981","        flash(f""Error: {e}"", ""danger"")"
"C:\Users\marce\Documents\GitHub\bibliotecaweb\multiMCP\core\routes.py","999","        flash(""?rea actualizada."", ""success"")"
"C:\Users\marce\Documents\GitHub\bibliotecaweb\multiMCP\core\routes.py","1001","        flash(f""Error: {e}"", ""danger"")"
"C:\Users\marce\Documents\GitHub\bibliotecaweb\multiMCP\core\routes.py","1012","        flash(""?rea eliminada."", ""success"")"
"C:\Users\marce\Documents\GitHub\bibliotecaweb\multiMCP\core\routes.py","1014","        flash(f""No se puede eliminar: {e}"", ""danger"")"
"C:\Users\marce\Documents\GitHub\bibliotecaweb\multiMCP\core\routes.py","1066","        flash(f""Puesto {nombre} creado."", ""success"")"
"C:\Users\marce\Documents\GitHub\bibliotecaweb\multiMCP\core\routes.py","1067","    except Exception as e: flash(str(e), ""danger"")"
"C:\Users\marce\Documents\GitHub\bibliotecaweb\multiMCP\core\routes.py","1081","        flash(""Puesto actualizado."", ""success"")"
"C:\Users\marce\Documents\GitHub\bibliotecaweb\multiMCP\core\routes.py","1082","    except Exception as e: flash(str(e), ""danger"")"
"C:\Users\marce\Documents\GitHub\bibliotecaweb\multiMCP\core\routes.py","1092","        flash(""Puesto eliminado."", ""success"")"
"C:\Users\marce\Documents\GitHub\bibliotecaweb\multiMCP\core\routes.py","1093","    except Exception as e: flash(str(e), ""danger"")"
"C:\Users\marce\Documents\GitHub\bibliotecaweb\multiMCP\core\routes.py","1182","        flash(f""Error cargando logs: {e}"", ""danger"")"
"C:\Users\marce\Documents\GitHub\bibliotecaweb\multiMCP\core\routes.py","1204","        flash(f""Error cargando logs: {e}"", ""danger"")"
"C:\Users\marce\Documents\GitHub\bibliotecaweb\multiMCP\core\routes.py","1269","        flash(f""Error en Auditor?a Transaccional: {e}"", ""danger"")"
"C:\Users\marce\Documents\GitHub\bibliotecaweb\multiMCP\core\routes.py","1281","        flash(f""Error en certificaci?n de m?dulos: {str(e)}"", ""danger"")"
"C:\Users\marce\Documents\GitHub\bibliotecaweb\multiMCP\core\routes.py","1301","                flash(res.get(""error"", ""Error detectado en el motor de IA""), ""danger"")"
"C:\Users\marce\Documents\GitHub\bibliotecaweb\multiMCP\core\routes.py","1512","        flash(""Datos fiscales actualizados correctamente."", ""success"")"
"C:\Users\marce\Documents\GitHub\bibliotecaweb\multiMCP\core\routes.py","1515","        flash(f""Error al guardar: {e}"", ""danger"")"
"C:\Users\marce\Documents\GitHub\bibliotecaweb\multiMCP\core\routes.py","1587","        flash(""Numeraci?n actualizada correctamente."", ""success"")"
"C:\Users\marce\Documents\GitHub\bibliotecaweb\multiMCP\core\routes.py","1589","        flash(f""Error al guardar: {e}"", ""danger"")"
"C:\Users\marce\Documents\GitHub\bibliotecaweb\multiMCP\core\routes.py","1611","                flash(""El registro seleccionado no existe."", ""danger"")"
"C:\Users\marce\Documents\GitHub\bibliotecaweb\multiMCP\core\routes.py","1622","                    flash(f""No se puede borrar el c?digo {num['entidad_codigo']}. Ya existen comprobantes asignados en el esquema de ventas para el Punto de Venta {num['punto_venta']}."", ""danger"")"
"C:\Users\marce\Documents\GitHub\bibliotecaweb\multiMCP\core\routes.py","1627","            flash(f""Punto de venta y Numerador ({num['entidad_codigo']}) eliminados correctamente."", ""success"")"
"C:\Users\marce\Documents\GitHub\bibliotecaweb\multiMCP\core\routes.py","1630","        flash(f""Error al intentar borrar: {e}"", ""danger"")"
"C:\Users\marce\Documents\GitHub\bibliotecaweb\multiMCP\core\routes.py","1643","        flash(""Datos inv?lidos para clonar."", ""danger"")"
"C:\Users\marce\Documents\GitHub\bibliotecaweb\multiMCP\core\routes.py","1677","        flash(f""Se clonaron {insertadas} registros hacia el Punto de Venta {nuevo_pv} (iniciados en 0)."", ""success"")"
"C:\Users\marce\Documents\GitHub\bibliotecaweb\multiMCP\core\routes.py","1679","        flash(f""Error al clonar numeraci?n: {e}"", ""danger"")"
"C:\Users\marce\Documents\GitHub\bibliotecaweb\multiMCP\core\routes.py","1733","        flash(""Tipo de comprobante guardado correctamente."", ""success"")"
"C:\Users\marce\Documents\GitHub\bibliotecaweb\multiMCP\core\routes.py","1735","        flash(f""Error al guardar: {e}"", ""danger"")"
"C:\Users\marce\Documents\GitHub\bibliotecaweb\multiMCP\core\routes.py","1819","                flash(""Servicio iniciado correctamente."", ""success"")"
"C:\Users\marce\Documents\GitHub\bibliotecaweb\multiMCP\core\routes.py","1822","                flash(""Servicio detenido."", ""warning"")"
"C:\Users\marce\Documents\GitHub\bibliotecaweb\multiMCP\core\routes.py","1829","                flash(""Servicio reiniciado."", ""info"")"
"C:\Users\marce\Documents\GitHub\bibliotecaweb\multiMCP\core\routes.py","1833","        flash(f""Error al controlar servicio: {e}"", ""danger"")"
"C:\Users\marce\Documents\GitHub\bibliotecaweb\multiMCP\core\routes.py","1861","        flash(""La sincronizaci?n de localidades se ha iniciado en segundo plano. Puede tardar unos minutos."", ""info"")"
"C:\Users\marce\Documents\GitHub\bibliotecaweb\multiMCP\core\routes.py","1864","        flash(f""Error al iniciar sincronizaci?n: {e}"", ""danger"")"
"C:\Users\marce\Documents\GitHub\bibliotecaweb\multiMCP\core\routes.py","1880","            flash(""Identidad rotada exitosamente."", ""success"")"
"C:\Users\marce\Documents\GitHub\bibliotecaweb\multiMCP\core\routes.py","1887","                flash(f""Modo de rotaci?n cambiado a: {mode}"", ""success"")"
"C:\Users\marce\Documents\GitHub\bibliotecaweb\multiMCP\core\routes.py","1889","                flash(""Modo no v?lido."", ""danger"")"
"C:\Users\marce\Documents\GitHub\bibliotecaweb\multiMCP\core\routes.py","1893","        flash(f""Error en rotaci?n: {e}"", ""danger"")"
"C:\Users\marce\Documents\GitHub\bibliotecaweb\multiMCP\core\routes.py","1917","                flash(""Configuraci?n actualizada correctamente."", ""success"")"
"C:\Users\marce\Documents\GitHub\bibliotecaweb\multiMCP\core\routes.py","1920","                flash(f""Error en formato JSON o guardado: {e}"", ""danger"")"
"C:\Users\marce\Documents\GitHub\bibliotecaweb\multiMCP\core\routes.py","1926","        flash(""Servicio no encontrado."", ""danger"")"
"C:\Users\marce\Documents\GitHub\bibliotecaweb\multiMCP\core\routes.py","1959","            flash(f""Servicio '{nombre}' registrado exitosamente."", ""success"")"
"C:\Users\marce\Documents\GitHub\bibliotecaweb\multiMCP\core\routes.py","1963","            flash(f""Error al registrar servicio: {e}"", ""danger"")"
"C:\Users\marce\Documents\GitHub\bibliotecaweb\multiMCP\core\routes.py","2326","    flash(f""Se?al de cancelaci?n enviada a la tarea {task_id}. El hilo se detendr? al finalizar su ciclo actual."", ""warning"")"
"C:\Users\marce\Documents\GitHub\bibliotecaweb\multiMCP\core\routes.py","2483","        flash(""Registro de error no encontrado."", ""danger"")"
"C:\Users\marce\Documents\GitHub\bibliotecaweb\multiMCP\core\routes.py","2488","        flash(""Acceso denegado."", ""danger"")"
"C:\Users\marce\Documents\GitHub\bibliotecaweb\multiMCP\core\routes.py","2556","        flash(""Estado de incidente requerido."", ""warning"")"
"C:\Users\marce\Documents\GitHub\bibliotecaweb\multiMCP\core\routes.py","2643","        flash(""Incidente actualizado correctamente."", ""success"")"
"C:\Users\marce\Documents\GitHub\bibliotecaweb\multiMCP\core\routes.py","2646","        flash(f""Error actualizando incidente: {e}"", ""danger"")"
"C:\Users\marce\Documents\GitHub\bibliotecaweb\multiMCP\core\routes.py","2668","        flash(""Acci?n no reconocida."", ""warning"")"
"C:\Users\marce\Documents\GitHub\bibliotecaweb\multiMCP\core\routes.py","2761","        flash(f""Incidente #{error_id} ? {new_status}. Notificaciones enviadas."", ""success"")"
"C:\Users\marce\Documents\GitHub\bibliotecaweb\multiMCP\core\routes.py","2764","        flash(f""Error en acci?n r?pida: {e}"", ""danger"")"
"C:\Users\marce\Documents\GitHub\bibliotecaweb\multiMCP\core\routes.py","2809","                flash(""Requerimiento actualizado."", ""success"")"
"C:\Users\marce\Documents\GitHub\bibliotecaweb\multiMCP\core\routes.py","2816","                flash(""Requerimiento creado."", ""success"")"
"C:\Users\marce\Documents\GitHub\bibliotecaweb\multiMCP\core\routes.py","2818","            flash(f""Error al guardar: {e}"", ""danger"")"
"C:\Users\marce\Documents\GitHub\bibliotecaweb\multiMCP\core\routes.py","2830","            flash(""Requerimiento eliminado."", ""success"")"
"C:\Users\marce\Documents\GitHub\bibliotecaweb\multiMCP\core\routes.py","2832","            flash(f""Error al eliminar: {e}"", ""danger"")"
"C:\Users\marce\Documents\GitHub\bibliotecaweb\multiMCP\fondos\routes.py","39","                    flash('Medio de pago creado exitosamente', 'success')"
"C:\Users\marce\Documents\GitHub\bibliotecaweb\multiMCP\fondos\routes.py","54","                    flash('Medio de pago actualizado', 'success')"
"C:\Users\marce\Documents\GitHub\bibliotecaweb\multiMCP\fondos\routes.py","59","                    flash('Medio de pago eliminado', 'warning')"
"C:\Users\marce\Documents\GitHub\bibliotecaweb\multiMCP\fondos\routes.py","62","                flash(f'Error: {str(e)}', 'danger')"
"C:\Users\marce\Documents\GitHub\bibliotecaweb\multiMCP\fondos\routes.py","110","            flash(""Orden no encontrada."", ""danger"")"
"C:\Users\marce\Documents\GitHub\bibliotecaweb\multiMCP\fondos\routes.py","143","            flash(f""Fondos aprobados para PO #{id}. Pago estimado: {fecha_pago}"", ""success"")"
"C:\Users\marce\Documents\GitHub\bibliotecaweb\multiMCP\fondos\routes.py","153","            flash(f""PO #{id} enviada de regreso a Compras para ajuste."", ""warning"")"
"C:\Users\marce\Documents\GitHub\bibliotecaweb\multiMCP\fondos\routes.py","191","                    flash('Condici?n de pago creada', 'success')"
"C:\Users\marce\Documents\GitHub\bibliotecaweb\multiMCP\fondos\routes.py","206","                    flash('Condici?n de pago actualizada', 'success')"
"C:\Users\marce\Documents\GitHub\bibliotecaweb\multiMCP\fondos\routes.py","211","                    flash('Condici?n de pago eliminada', 'warning')"
"C:\Users\marce\Documents\GitHub\bibliotecaweb\multiMCP\fondos\routes.py","214","                flash(f'Error: {str(e)}', 'danger')"
"C:\Users\marce\Documents\GitHub\bibliotecaweb\multiMCP\fondos\routes.py","268","                    flash('Condici?n mixta guardada correctamente', 'success')"
"C:\Users\marce\Documents\GitHub\bibliotecaweb\multiMCP\fondos\routes.py","273","                    flash('Condici?n mixta eliminada', 'warning')"
"C:\Users\marce\Documents\GitHub\bibliotecaweb\multiMCP\fondos\routes.py","276","                flash(f'Error: {str(e)}', 'danger')"
"C:\Users\marce\Documents\GitHub\bibliotecaweb\multiMCP\fondos\routes.py","329","                    flash('Impuesto creado exitosamente', 'success')"
"C:\Users\marce\Documents\GitHub\bibliotecaweb\multiMCP\fondos\routes.py","342","                    flash('Impuesto actualizado', 'success')"
"C:\Users\marce\Documents\GitHub\bibliotecaweb\multiMCP\fondos\routes.py","347","                    flash('Impuesto eliminado', 'warning')"
"C:\Users\marce\Documents\GitHub\bibliotecaweb\multiMCP\fondos\routes.py","350","                flash(f'Error: {str(e)}', 'danger')"
"C:\Users\marce\Documents\GitHub\bibliotecaweb\multiMCP\fondos\routes.py","440","                    flash(f'Entidad ""{nombre}"" creada correctamente.{extra}', 'success')"
"C:\Users\marce\Documents\GitHub\bibliotecaweb\multiMCP\fondos\routes.py","469","                    flash('Entidad actualizada correctamente.', 'success')"
"C:\Users\marce\Documents\GitHub\bibliotecaweb\multiMCP\fondos\routes.py","481","                            flash('Banco desactivado (dato maestro BCRA).', 'warning')"
"C:\Users\marce\Documents\GitHub\bibliotecaweb\multiMCP\fondos\routes.py","485","                            flash('Banco eliminado.', 'warning')"
"C:\Users\marce\Documents\GitHub\bibliotecaweb\multiMCP\fondos\routes.py","488","                flash(f'Error: {str(e)}', 'danger')"
"C:\Users\marce\Documents\GitHub\bibliotecaweb\multiMCP\fondos\routes.py","533","        flash("
"C:\Users\marce\Documents\GitHub\bibliotecaweb\multiMCP\fondos\routes.py","541","        flash(f'Sin conexi?n con el BCRA: {e}', 'danger')"
"C:\Users\marce\Documents\GitHub\bibliotecaweb\multiMCP\fondos\routes.py","543","        flash(f'Timeout al conectar con el BCRA: {e}', 'danger')"
"C:\Users\marce\Documents\GitHub\bibliotecaweb\multiMCP\fondos\routes.py","545","        flash(f'Error al sincronizar bancos: {str(e)}', 'danger')"
"C:\Users\marce\Documents\GitHub\bibliotecaweb\multiMCP\fondos\routes.py","556","        flash("
"C:\Users\marce\Documents\GitHub\bibliotecaweb\multiMCP\fondos\routes.py","564","        flash(f'Error al sincronizar billeteras: {str(e)}', 'danger')"
"C:\Users\marce\Documents\GitHub\bibliotecaweb\multiMCP\pricing\routes.py","44","            flash(""Lista de precios no encontrada."", ""danger"")"
"C:\Users\marce\Documents\GitHub\bibliotecaweb\multiMCP\pricing\routes.py","91","                flash(""Regla actualizada"", ""success"")"
"C:\Users\marce\Documents\GitHub\bibliotecaweb\multiMCP\pricing\routes.py","97","                flash(""Regla creada"", ""success"")"
"C:\Users\marce\Documents\GitHub\bibliotecaweb\multiMCP\pricing\routes.py","99","        flash(f""Error: {e}"", ""danger"")"
"C:\Users\marce\Documents\GitHub\bibliotecaweb\multiMCP\pricing\routes.py","107","        flash(f""Se han generado {count} propuestas de precio. Esperando aprobaci?n de Cost Accounting."", ""info"")"
"C:\Users\marce\Documents\GitHub\bibliotecaweb\multiMCP\pricing\routes.py","109","        flash(f""Error al generar propuestas: {e}"", ""danger"")"
"C:\Users\marce\Documents\GitHub\bibliotecaweb\multiMCP\pricing\routes.py","142","            flash(""Debe seleccionar al menos un art?culo."", ""warning"")"
"C:\Users\marce\Documents\GitHub\bibliotecaweb\multiMCP\pricing\routes.py","146","        flash(f""{count} propuestas procesadas con ?xito ({accion})."", ""success"")"
"C:\Users\marce\Documents\GitHub\bibliotecaweb\multiMCP\pricing\routes.py","148","        flash(f""Error al procesar: {e}"", ""danger"")"
"C:\Users\marce\Documents\GitHub\bibliotecaweb\multiMCP\stock\routes.py","92","        flash(f""Error en Inventario: {e}"", ""danger"")"
"C:\Users\marce\Documents\GitHub\bibliotecaweb\multiMCP\stock\routes.py","116","                flash(""Art?culo y cantidad son requeridos."", ""warning"")"
"C:\Users\marce\Documents\GitHub\bibliotecaweb\multiMCP\stock\routes.py","168","                                     flash(alert[""message""], ""danger"" if alert[""severity""] == ""DANGER"" else ""warning"")"
"C:\Users\marce\Documents\GitHub\bibliotecaweb\multiMCP\stock\routes.py","209","                    flash(f""Movimiento '{motivo['nombre']}' registrado con ?xito."", ""success"")"
"C:\Users\marce\Documents\GitHub\bibliotecaweb\multiMCP\stock\routes.py","213","                    flash(f""Error: {e}"", ""danger"")"
"C:\Users\marce\Documents\GitHub\bibliotecaweb\multiMCP\stock\routes.py","261","        flash(f""Error cargando historial: {e}"", ""danger"")"
"C:\Users\marce\Documents\GitHub\bibliotecaweb\multiMCP\stock\routes.py","289","                flash(""Movimiento no encontrado."", ""danger"")"
"C:\Users\marce\Documents\GitHub\bibliotecaweb\multiMCP\stock\routes.py","303","        flash(f""Error: {e}"", ""danger"")"
"C:\Users\marce\Documents\GitHub\bibliotecaweb\multiMCP\stock\routes.py","319","                flash(""Art?culo no encontrado."", ""danger"")"
"C:\Users\marce\Documents\GitHub\bibliotecaweb\multiMCP\stock\routes.py","346","        flash(f""Error cargando historial del art?culo: {e}"", ""danger"")"
"C:\Users\marce\Documents\GitHub\bibliotecaweb\multiMCP\stock\routes.py","577","        flash(f""Error cargando art?culos: {e}"", ""danger"")"
"C:\Users\marce\Documents\GitHub\bibliotecaweb\multiMCP\stock\routes.py","701","                        flash(""No tiene permisos para modificar datos de seguridad industrial."", ""warning"")"
"C:\Users\marce\Documents\GitHub\bibliotecaweb\multiMCP\stock\routes.py","703","                flash(f""{naturaleza.capitalize()} actualizado"", ""success"")"
"C:\Users\marce\Documents\GitHub\bibliotecaweb\multiMCP\stock\routes.py","742","                        flash(""Se cre? el art?culo pero se omitieron datos de seguridad por falta de permisos."", ""warning"")"
"C:\Users\marce\Documents\GitHub\bibliotecaweb\multiMCP\stock\routes.py","744","                flash(f""{naturaleza.capitalize()} agregado exitosamente"", ""success"")"
"C:\Users\marce\Documents\GitHub\bibliotecaweb\multiMCP\stock\routes.py","747","        flash(f""Error al guardar art?culo: {e}"", ""danger"")"
"C:\Users\marce\Documents\GitHub\bibliotecaweb\multiMCP\stock\routes.py","806","            flash(f""Importaci?n: {altas} altas, {duplicados} duplicados."", ""success"")"
"C:\Users\marce\Documents\GitHub\bibliotecaweb\multiMCP\stock\routes.py","808","        except Exception as e: flash(str(e), ""danger"")"
"C:\Users\marce\Documents\GitHub\bibliotecaweb\multiMCP\stock\routes.py","832","            flash(f""CSV procesado: {count} art?culos importados."", ""success"")"
"C:\Users\marce\Documents\GitHub\bibliotecaweb\multiMCP\stock\routes.py","833","        except Exception as e: flash(str(e), ""danger"")"
"C:\Users\marce\Documents\GitHub\bibliotecaweb\multiMCP\stock\routes.py","853","        flash(""Ya hay un proceso de enriquecimiento en curso. Por favor espere."", ""warning"")"
"C:\Users\marce\Documents\GitHub\bibliotecaweb\multiMCP\stock\routes.py","867","    flash(""Enriquecimiento iniciado en segundo plano. Puede monitorear el progreso en la tabla de art?culos."", ""success"")"
"C:\Users\marce\Documents\GitHub\bibliotecaweb\multiMCP\stock\routes.py","881","        flash(f""Error: {e}"", ""danger"")"
"C:\Users\marce\Documents\GitHub\bibliotecaweb\multiMCP\stock\routes.py","906","        flash(""No se encontr? ning?n reporte generado."", ""info"")"
"C:\Users\marce\Documents\GitHub\bibliotecaweb\multiMCP\stock\routes.py","915","        flash(f""Error al descargar reporte: {e}"", ""danger"")"
"C:\Users\marce\Documents\GitHub\bibliotecaweb\multiMCP\stock\routes.py","948","                flash(f""Dep?sito '{nombre}' creado con ?xito."", ""success"")"
"C:\Users\marce\Documents\GitHub\bibliotecaweb\multiMCP\stock\routes.py","951","            flash(f""Error al crear: {e}"", ""danger"")"
"C:\Users\marce\Documents\GitHub\bibliotecaweb\multiMCP\stock\routes.py","993","                flash(""Dep?sito actualizado."", ""success"")"
"C:\Users\marce\Documents\GitHub\bibliotecaweb\multiMCP\stock\routes.py","996","                flash(f""Error al actualizar: {e}"", ""danger"")"
"C:\Users\marce\Documents\GitHub\bibliotecaweb\multiMCP\stock\routes.py","1001","            flash(""Dep?sito no encontrado."", ""danger"")"
"C:\Users\marce\Documents\GitHub\bibliotecaweb\multiMCP\stock\routes.py","1051","        flash(f""Error: {e}"", ""danger"")"
"C:\Users\marce\Documents\GitHub\bibliotecaweb\multiMCP\stock\routes.py","1108","                            flash(f""Error: Los atributos {list(removed)} no pueden eliminarse porque el tipo de art?culo ya tiene operaciones registradas. Puede modificar su etiqueta o contenido, pero el atributo debe permanecer."", ""danger"")"
"C:\Users\marce\Documents\GitHub\bibliotecaweb\multiMCP\stock\routes.py","1138","        flash(""Configuraci?n de Tipo de Art?culo guardada."", ""success"")"
"C:\Users\marce\Documents\GitHub\bibliotecaweb\multiMCP\stock\routes.py","1140","        flash(f""Error: {e}"", ""danger"")"
"C:\Users\marce\Documents\GitHub\bibliotecaweb\multiMCP\stock\routes.py","1387","                flash(""No se encontr? archivo digital para este libro."", ""warning"")"
"C:\Users\marce\Documents\GitHub\bibliotecaweb\multiMCP\stock\routes.py","1419","        flash(f""Error al descargar archivo: {str(e)}"", ""error"")"
"C:\Users\marce\Documents\GitHub\bibliotecaweb\multiMCP\stock\routes.py","1460","        flash(f""Error: {e}"", ""danger"")"
"C:\Users\marce\Documents\GitHub\bibliotecaweb\multiMCP\stock\routes.py","1591","        flash(f""Error: {e}"", ""danger"")"
"C:\Users\marce\Documents\GitHub\bibliotecaweb\multiMCP\stock\routes.py","1631","        flash(""Inventario iniciado correctamente."", ""success"")"
"C:\Users\marce\Documents\GitHub\bibliotecaweb\multiMCP\stock\routes.py","1634","        flash(f""Error: {e}"", ""danger"")"
"C:\Users\marce\Documents\GitHub\bibliotecaweb\multiMCP\stock\routes.py","1668","        flash(f""Error: {e}"", ""danger"")"
"C:\Users\marce\Documents\GitHub\bibliotecaweb\multiMCP\stock\routes.py","1725","        flash(f""Error: {e}"", ""danger"")"
"C:\Users\marce\Documents\GitHub\bibliotecaweb\multiMCP\stock\routes.py","1752","                flash(f""Log?stica '{nombre}' creada."", ""success"")"
"C:\Users\marce\Documents\GitHub\bibliotecaweb\multiMCP\stock\routes.py","1755","            flash(f""Error al crear: {e}"", ""danger"")"
"C:\Users\marce\Documents\GitHub\bibliotecaweb\multiMCP\stock\routes.py","1785","                flash(f""Log?stica '{nombre}' actualizada."", ""success"")"
"C:\Users\marce\Documents\GitHub\bibliotecaweb\multiMCP\stock\routes.py","1788","                flash(f""Error al actualizar: {e}"", ""danger"")"
"C:\Users\marce\Documents\GitHub\bibliotecaweb\multiMCP\stock\routes.py","2003","                flash(""Perfil de impresora actualizado."", ""success"")"
"C:\Users\marce\Documents\GitHub\bibliotecaweb\multiMCP\stock\routes.py","2010","                flash(""Nueva impresora agregada."", ""success"")"
"C:\Users\marce\Documents\GitHub\bibliotecaweb\multiMCP\stock\routes.py","2012","            flash(f""Error al guardar impresora: {e}"", ""danger"")"
"C:\Users\marce\Documents\GitHub\bibliotecaweb\multiMCP\stock\routes.py","2024","            flash(""Impresora eliminada."", ""success"")"
"C:\Users\marce\Documents\GitHub\bibliotecaweb\multiMCP\stock\routes.py","2026","            flash(f""Error al eliminar: {e}"", ""danger"")"
"C:\Users\marce\Documents\GitHub\bibliotecaweb\multiMCP\stock\routes.py","2068","                flash(""Perfil de balanza actualizado."", ""success"")"
"C:\Users\marce\Documents\GitHub\bibliotecaweb\multiMCP\stock\routes.py","2075","                flash(""Nueva balanza agregada."", ""success"")"
"C:\Users\marce\Documents\GitHub\bibliotecaweb\multiMCP\stock\routes.py","2077","            flash(f""Error al guardar balanza: {e}"", ""danger"")"
"C:\Users\marce\Documents\GitHub\bibliotecaweb\multiMCP\stock\routes.py","2089","            flash(""Balanza eliminada."", ""success"")"
"C:\Users\marce\Documents\GitHub\bibliotecaweb\multiMCP\stock\routes.py","2091","            flash(f""Error al eliminar: {e}"", ""danger"")"
"C:\Users\marce\Documents\GitHub\bibliotecaweb\multiMCP\stock\routes.py","2507","            flash('Art?culo no encontrado.', 'danger')"
"C:\Users\marce\Documents\GitHub\bibliotecaweb\multiMCP\utilitarios\routes.py","58","    flash(""Cron guardado correctamente"", ""success"")"
"C:\Users\marce\Documents\GitHub\bibliotecaweb\multiMCP\ventas\routes.py","262","            flash(""Error: El CUIT ingresado no es v?lido seg?n las reglas fiscales."", ""danger"")"
"C:\Users\marce\Documents\GitHub\bibliotecaweb\multiMCP\ventas\routes.py","272","                    flash(""Error: Ya existe un tercero con ese CUIT o DNI."", ""danger"")"
"C:\Users\marce\Documents\GitHub\bibliotecaweb\multiMCP\ventas\routes.py","278","                    flash(""Cliente registrado exitosamente. Ahora puede completar los detalles."", ""success"")"
"C:\Users\marce\Documents\GitHub\bibliotecaweb\multiMCP\ventas\routes.py","290","            flash(f""Error: {str(e)}"", ""danger"")"
"C:\Users\marce\Documents\GitHub\bibliotecaweb\multiMCP\ventas\routes.py","309","        flash(""Error: El CUIT ingresado no es v?lido."", ""danger"")"
"C:\Users\marce\Documents\GitHub\bibliotecaweb\multiMCP\ventas\routes.py","322","            flash(""Datos b?sicos actualizados."", ""success"")"
"C:\Users\marce\Documents\GitHub\bibliotecaweb\multiMCP\ventas\routes.py","324","        flash(f""Error al actualizar: {str(e)}"", ""danger"")"
"C:\Users\marce\Documents\GitHub\bibliotecaweb\multiMCP\ventas\routes.py","350","            flash(""Cliente no encontrado."", ""danger"")"
"C:\Users\marce\Documents\GitHub\bibliotecaweb\multiMCP\ventas\routes.py","563","    flash(""Configuraci?n de convenio multilateral actualizada."", ""success"")"
"C:\Users\marce\Documents\GitHub\bibliotecaweb\multiMCP\ventas\routes.py","577","        flash(""Coeficiente guardado correctamente."", ""success"")"
"C:\Users\marce\Documents\GitHub\bibliotecaweb\multiMCP\ventas\routes.py","579","        flash(f""Error al guardar coeficiente: {e}"", ""danger"")"
"C:\Users\marce\Documents\GitHub\bibliotecaweb\multiMCP\ventas\routes.py","590","        flash('No se seleccion? ning?n archivo.', 'warning')"
"C:\Users\marce\Documents\GitHub\bibliotecaweb\multiMCP\ventas\routes.py","595","        flash('No se seleccion? ning?n archivo.', 'warning')"
"C:\Users\marce\Documents\GitHub\bibliotecaweb\multiMCP\ventas\routes.py","616","        flash(""Archivo subido correctamente."", ""success"")"
"C:\Users\marce\Documents\GitHub\bibliotecaweb\multiMCP\ventas\routes.py","618","        flash(""Formato de archivo inv?lido. Solo PDF."", ""danger"")"
"C:\Users\marce\Documents\GitHub\bibliotecaweb\multiMCP\ventas\routes.py","712","            flash(""Direcci?n actualizada."", ""success"")"
"C:\Users\marce\Documents\GitHub\bibliotecaweb\multiMCP\ventas\routes.py","718","            flash(""Direcci?n agregada."", ""success"")"
"C:\Users\marce\Documents\GitHub\bibliotecaweb\multiMCP\ventas\routes.py","745","            flash(""Contacto actualizado."", ""success"")"
"C:\Users\marce\Documents\GitHub\bibliotecaweb\multiMCP\ventas\routes.py","751","            flash(""Contacto agregado."", ""success"")"
"C:\Users\marce\Documents\GitHub\bibliotecaweb\multiMCP\ventas\routes.py","774","            flash(""Dato fiscal actualizado."", ""success"")"
"C:\Users\marce\Documents\GitHub\bibliotecaweb\multiMCP\ventas\routes.py","780","            flash(""Dato fiscal agregado."", ""success"")"
"C:\Users\marce\Documents\GitHub\bibliotecaweb\multiMCP\ventas\routes.py","789","        flash(""Operaci?n no permitida."", ""danger"")"
"C:\Users\marce\Documents\GitHub\bibliotecaweb\multiMCP\ventas\routes.py","800","    flash(""Registro eliminado."", ""info"")"
"C:\Users\marce\Documents\GitHub\bibliotecaweb\multiMCP\ventas\routes.py","808","        flash(""Debe seleccionar una condici?n."", ""warning"")"
"C:\Users\marce\Documents\GitHub\bibliotecaweb\multiMCP\ventas\routes.py","817","        flash(""Solicitud de cambio de condici?n enviada para aprobaci?n del Gerente."", ""info"")"
"C:\Users\marce\Documents\GitHub\bibliotecaweb\multiMCP\ventas\routes.py","827","        flash(""No tiene permisos para aprobar condiciones de pago."", ""danger"")"
"C:\Users\marce\Documents\GitHub\bibliotecaweb\multiMCP\ventas\routes.py","843","            flash(""Nueva condici?n de pago aprobada y aplicada."", ""success"")"
"C:\Users\marce\Documents\GitHub\bibliotecaweb\multiMCP\ventas\routes.py","851","            flash(""Cambio de condici?n rechazado."", ""warning"")"
"C:\Users\marce\Documents\GitHub\bibliotecaweb\multiMCP\ventas\routes.py","878","    flash(""Configuraci?n de condiciones de pago actualizada."", ""success"")"
"C:\Users\marce\Documents\GitHub\bibliotecaweb\multiMCP\ventas\routes.py","1097","            flash(""Factura no encontrada"", ""error"")"
"C:\Users\marce\Documents\GitHub\bibliotecaweb\multiMCP\ventas\routes.py","1418","                flash(f""AFIP: Comprobante autorizado (CAE: {afip_res['cae']})"", ""info"")"
"C:\Users\marce\Documents\GitHub\bibliotecaweb\multiMCP\ventas\routes.py","1420","                flash(f""AFIP Alerta: El comprobante no pudo ser autorizado autom?ticamente: {afip_res.get('error')}"", ""warning"")"
"C:\Users\marce\Documents\GitHub\bibliotecaweb\multiMCP\ventas\routes.py","1535","            flash(""Comprobante no encontrado."", ""danger"")"
"C:\Users\marce\Documents\GitHub\bibliotecaweb\multiMCP\ventas\routes.py","1596","            flash(""Comprobante no encontrado."", ""danger"")"
"C:\Users\marce\Documents\GitHub\bibliotecaweb\multiMCP\ventas\routes.py","1763","            flash(""Solicitud no encontrada"", ""error"")"
"C:\Users\marce\Documents\GitHub\bibliotecaweb\multiMCP\venv\Lib\site-packages\flask\helpers.py","318","def flash(message: str, category: str = ""message"") -> None:"
"C:\Users\marce\Documents\GitHub\bibliotecaweb\multiMCP\venv\Lib\site-packages\flask_login\login_manager.py","182","                flash("
"C:\Users\marce\Documents\GitHub\bibliotecaweb\multiMCP\venv\Lib\site-packages\flask_login\login_manager.py","187","                flash(self.login_message, category=self.login_message_category)"
"C:\Users\marce\Documents\GitHub\bibliotecaweb\multiMCP\venv\Lib\site-packages\flask_login\login_manager.py","290","                flash("
"C:\Users\marce\Documents\GitHub\bibliotecaweb\multiMCP\venv\Lib\site-packages\flask_login\login_manager.py","295","                flash("
